[{"model": "contenttypes.contenttype", "pk": 1, "fields": {"app_label": "admin", "model": "logentry"}}, {"model": "contenttypes.contenttype", "pk": 2, "fields": {"app_label": "auth", "model": "permission"}}, {"model": "contenttypes.contenttype", "pk": 3, "fields": {"app_label": "auth", "model": "group"}}, {"model": "contenttypes.contenttype", "pk": 4, "fields": {"app_label": "auth", "model": "user"}}, {"model": "contenttypes.contenttype", "pk": 5, "fields": {"app_label": "contenttypes", "model": "contenttype"}}, {"model": "contenttypes.contenttype", "pk": 6, "fields": {"app_label": "sessions", "model": "session"}}, {"model": "contenttypes.contenttype", "pk": 7, "fields": {"app_label": "experiments", "model": "experiment"}}, {"model": "contenttypes.contenttype", "pk": 8, "fields": {"app_label": "experiments", "model": "experimentvariant"}}, {"model": "contenttypes.contenttype", "pk": 9, "fields": {"app_label": "projects", "model": "project"}}, {"model": "experiments.experiment", "pk": 156, "fields": {"status": "Complete", "project": 1, "name": "Recommended Highlights", "slug": "exp-002-recommended-highlights", "addon_versions": ["1.1.0", "1.1.1", "1.1.2", "1.1.3", "1.9.0"], "objectives": "Purpose / Question:\r\nWould users be interested in seeing general, trending content as recommendations in their highlights?\r\n \r\nHypothesis:\r\nWe hypothesize that generally popular content will receive high click-through rates.\r\n \r\nProcedure: Allow for one highlight only to be a potential recommendation.TODO", "success_criteria": "TODO", "analysis": "Analysis: https://sql.telemetry.mozilla.org/dashboard/activity-stream-a-b-testing-recommendations\r\n \r\nUsers blocked trending recommendations at a far greater rate than their regular highlights. This showed users were not very interested in these recommendations.\r\n \r\nConclusion:\r\nTrending recommendations should not be a part of Activity Stream.", "created_date": "2017-06-27T02:44:49.561Z", "start_date": "2016-07-27T00:00:00Z", "end_date": "2016-09-22T00:00:00Z", "dashboard_url": null}}, {"model": "experiments.experiment", "pk": 157, "fields": {"status": "Complete", "project": 1, "name": "Weighted Highlights", "slug": "exp-003-weighted-highlights", "addon_versions": ["1.1.4", "1.1.5"], "objectives": "Use weighted highlights instead of the query based ones.TODO", "success_criteria": "TODO", "analysis": "TODO", "created_date": "2017-06-27T02:44:49.640Z", "start_date": "2016-10-19T00:00:00Z", "end_date": "2016-11-08T00:00:00Z", "dashboard_url": null}}, {"model": "experiments.experiment", "pk": 158, "fields": {"status": "Complete", "project": 1, "name": "Local Page Scraper", "slug": "exp-004-local-metadata", "addon_versions": ["1.1.4", "1.1.5", "1.1.6", "1.1.7", "1.1.8", "1.1.9"], "objectives": "Locally compute metadata for pagesTODO", "success_criteria": "TODO", "analysis": "TODO", "created_date": "2017-06-27T02:44:49.717Z", "start_date": "2016-10-19T00:00:00Z", "end_date": "2017-01-18T00:00:00Z", "dashboard_url": null}}, {"model": "experiments.experiment", "pk": 159, "fields": {"status": "Complete", "project": 1, "name": "Use Mozilla MetadataService", "slug": "exp-005-metadata-service", "addon_versions": ["1.1.4", "1.1.5", "1.1.6", "1.1.7", "1.1.8", "1.1.9", "1.2.0", "1.3.0"], "objectives": "Compute metadata using MetadataServiceTODO", "success_criteria": "TODO", "analysis": "TODO", "created_date": "2017-06-27T02:44:49.793Z", "start_date": "2016-11-08T00:00:00Z", "end_date": "2017-02-07T00:00:00Z", "dashboard_url": null}}, {"model": "experiments.experiment", "pk": 160, "fields": {"status": "Complete", "project": 1, "name": "Combine score of deduped sites", "slug": "exp-006-deduped-combined-frecency", "addon_versions": ["1.1.8", "1.1.9", "1.2.0", "1.3.0", "1.4.0", "1.4.1"], "objectives": "Purpose / Question:\r\nThe Activity Stream Topsites algorithm behaved differently relative to Tiles wherein visits to a site with \u201cwww\u201d prepended vs. visits without \u201cwww\u201d were treated differently. This resulted in sites with many visits to not show up in Topsites because we only chose the \u201cwww\u201d prepended version which sometimes had a lower frecency attached to it. This experiment will test whether combining frecency of deduped sites affects Topsites interaction.\r\n \r\nHypothesis:\r\nWe hypothesize that combining the frecency of deduped sites will improve the Topsites algorithm and result in a larger click-through rate for Topsites without negatively affecting other interactions in Activity Stream.\r\n \r\nProcedure:\r\nThe relevant code changes for this experiment are here:\r\nhttps://github.com/mozilla/activity-stream/commit/5a7a384b7d66d3e12c71d322ffcaf809e63449f0\r\nhttps://github.com/mozilla/activity-stream/commit/40e23068f72bea573fada1cf0ba299a6120d501e\r\n \r\nThis method combines frecency by summing the frecency for both \u201cwww\u201d and non-\u201dwww\u201d versions of a site.TODO", "success_criteria": "TODO", "analysis": "Definitions:\r\nEvent Rate: The ratio of (# of distinct sessions with a certain event) / (total number of sessions)\r\nPositive Interactions: click, search, bookmark, share\r\n \r\nhttps://sql.telemetry.mozilla.org/dashboard/activity-stream-a-b-testing-deduped-combined-frecency\r\n \r\nBased on the analysis, we have the following findings:\r\nThere is a statistically significant increase in click rate\r\nThere is a statistically significant increase in block rate\r\nThere is a statistically significant decrease in search rate\r\nThere is no statistically significant change in positive interaction rate\r\n \r\n \r\nConclusion:\r\nLet\u2019s keep this algorithm change in Activity Stream.", "created_date": "2017-06-27T02:44:49.877Z", "start_date": "2017-01-18T00:00:00Z", "end_date": "2017-03-08T00:00:00Z", "dashboard_url": null}}, {"model": "experiments.experiment", "pk": 161, "fields": {"status": "Complete", "project": 1, "name": "Fetch Page Content Locally", "slug": "exp-007-locally-fetch-metadata", "addon_versions": ["1.2.0", "1.3.0", "1.4.0"], "objectives": "Purpose / Question:\r\nWould it be possible to completely remove dependence on a metadata service and increase metadata coverage without affecting user engagement or retention?\r\n \r\nHypothesis:\r\nWe hypothesize that by making the switch from fetching metadata from an external service, to computing metadata locally within the browser, the user will not notice a decrease in overall metadata quality nor will it negatively affect their retention or interactions in Activity Stream.\r\n \r\nProcedure:\r\nThe relevant code changes for this experiment are here:\r\nhttps://github.com/mozilla/activity-stream/commit/fc4e40f8df44d865ee38e19cdee49281beefe68b\r\n \r\nThis change fetches metadata for a website as a user browses it.TODO", "success_criteria": "TODO", "analysis": "Analysis: \r\nhttps://sql.telemetry.mozilla.org/dashboard/activity-stream-a-b-testing-locally-fetch-metadata", "created_date": "2017-06-27T02:44:49.954Z", "start_date": "2017-02-02T00:00:00Z", "end_date": "2017-02-14T00:00:00Z", "dashboard_url": null}}, {"model": "experiments.experiment", "pk": 162, "fields": {"status": "Complete", "project": 1, "name": "Original about:newtab top sites", "slug": "exp-008-original-newtab-sites", "addon_versions": ["1.2.0", "1.3.0", "1.4.0", "1.4.1"], "objectives": "Purpose / Question:\r\nIf we showed exactly the same topsites that Tiles shows, how would that affect our click-through rate?\r\n \r\nHypothesis:\r\nWe hypothesize that since Tiles performed better in our first SHIELD study, using its algorithm will result in a larger click-through rate for Topsites without negatively affecting other interactions in Activity Stream.\r\n \r\nProcedure:\r\nThe relevant code changes for this experiment are here:\r\nhttps://github.com/mozilla/activity-stream/commit/2dfed5373a7a461eb85a547c61ba0b50162627cc\r\n \r\nThis method simply calls \u201cNewTabUtils.links.getLinks()\u201d to fetch the exact same links used by Tiles.TODO", "success_criteria": "TODO", "analysis": "Analysis: \r\nhttps://sql.telemetry.mozilla.org/dashboard/activity-stream-a-b-testing-original-newtab-sites\r\n \r\nThe click-through rate is significantly lower in the experiment group. Users prefer the original algorithm rather than the Tiles algorithm \r\n \r\nConclusion:\r\nThis experiment will not be integrated into Activity Stream. Let\u2019s keep the original algorithm.", "created_date": "2017-06-27T02:44:50.040Z", "start_date": "2017-02-01T00:00:00Z", "end_date": "2017-03-08T00:00:00Z", "dashboard_url": null}}, {"model": "experiments.experiment", "pk": 163, "fields": {"status": "Complete", "project": 1, "name": "Screenshots for Top Sites", "slug": "exp-009-screenshots", "addon_versions": ["1.3.0", "1.4.0", "1.5.0", "1.6.0"], "objectives": "Purpose / Question:\r\nDo changes to the topsites design such as larger icons and screenshots when good icons don\u2019t exist improve engagement?\r\n \r\nHypothesis:\r\nWe hypothesize that these design changes will result in a larger click-through rate for Topsites without negatively affecting other interactions in Activity Stream.TODO", "success_criteria": "TODO", "analysis": "TODO", "created_date": "2017-06-27T02:44:50.127Z", "start_date": "2017-02-25T00:00:00Z", "end_date": "2017-03-21T00:00:00Z", "dashboard_url": null}}, {"model": "experiments.experiment", "pk": 164, "fields": {"status": "Complete", "project": 1, "name": "Fetch Page Content Locally v2", "slug": "exp-010-locally-fetch-metadata", "addon_versions": ["1.4.0", "1.4.1", "1.5.0", "1.6.0"], "objectives": "Make a network request for content of a URLTODO", "success_criteria": "TODO", "analysis": "TODO", "created_date": "2017-06-27T02:44:50.215Z", "start_date": "2017-02-15T00:00:00Z", "end_date": "2017-03-21T00:00:00Z", "dashboard_url": "https://sql.telemetry.mozilla.org/dashboard/activity-stream-a-b-testing-locally-fetch-metadata"}}, {"model": "experiments.experiment", "pk": 165, "fields": {"status": "Complete", "project": 1, "name": "Preferences Pane", "slug": "exp-011-newtab-prefs", "addon_versions": ["1.8.0"], "objectives": "Enable the New Tab Prefs featureTODO", "success_criteria": "TODO", "analysis": "TODO", "created_date": "2017-06-27T02:44:50.300Z", "start_date": "2017-06-27T02:44:50.317Z", "end_date": "2017-06-27T02:44:50.330Z", "dashboard_url": null}}, {"model": "experiments.experiment", "pk": 166, "fields": {"status": "Complete", "project": 1, "name": "High Res Icons and Screenshots for Top Sites", "slug": "exp-012-screenshotsasync", "addon_versions": ["1.7.0"], "objectives": "Add high res icons or screenshots for some Top SitesTODO", "success_criteria": "TODO", "analysis": "TODO", "created_date": "2017-06-27T02:44:50.368Z", "start_date": "2017-03-21T00:00:00Z", "end_date": "2017-04-06T00:00:00Z", "dashboard_url": "https://sql.telemetry.mozilla.org/dashboard/activity-stream-a-b-testing-async-screenshots"}}, {"model": "experiments.experiment", "pk": 167, "fields": {"status": "Complete", "project": 1, "name": "Screenshots for Highlights", "slug": "exp-013-bookmark-screenshots", "addon_versions": ["1.8.0", "1.9.0"], "objectives": "Show a screenshot for Highlights that otherwise don't have an imageTODO", "success_criteria": "TODO", "analysis": "No statistical significance yet\r\nThis experiment might be impacted by \u201cslow addon\u201d due to screenshots", "created_date": "2017-06-27T02:44:50.450Z", "start_date": "2017-04-06T00:00:00Z", "end_date": "2017-05-02T00:00:00Z", "dashboard_url": "https://sql.telemetry.mozilla.org/dashboard/activity-stream-a-b-testing-bookmark-screenshots"}}, {"model": "experiments.experiment", "pk": 168, "fields": {"status": "Complete", "project": 1, "name": "High Res Icons and Screenshots for Top Sites with a long metadata cache", "slug": "exp-014-screenshotsasync", "addon_versions": ["1.8.0"], "objectives": "Add high res icons or screenshots for some Top SitesTODO", "success_criteria": "TODO", "analysis": "TODO", "created_date": "2017-06-27T02:44:50.536Z", "start_date": "2017-04-06T00:00:00Z", "end_date": "2017-04-18T00:00:00Z", "dashboard_url": null}}, {"model": "experiments.experiment", "pk": 169, "fields": {"status": "Complete", "project": 1, "name": "Metadata with Long Cache", "slug": "exp-015-metadatalongcache", "addon_versions": ["1.8.0", "1.9.0"], "objectives": "Change the timeout for metadata to a long timeTODO", "success_criteria": "TODO", "analysis": "No statistical significance yet\r\nThis experiment should improve upon the last metadata one but may need to more periodic refresh of the cache", "created_date": "2017-06-27T02:44:50.620Z", "start_date": "2017-04-06T00:00:00Z", "end_date": "2017-05-02T00:00:00Z", "dashboard_url": "https://sql.telemetry.mozilla.org/dashboard/activity-stream-a-b-testing-metadata-long-cache"}}, {"model": "experiments.experiment", "pk": 170, "fields": {"status": "Complete", "project": 1, "name": "Edit Top Sites", "slug": "exp-016-newtab-prefs", "addon_versions": ["1.9.0"], "objectives": "Enable the Edit Top Sites featureTODO", "success_criteria": "TODO", "analysis": "TODO", "created_date": "2017-06-27T02:44:50.706Z", "start_date": "2017-06-27T02:44:50.722Z", "end_date": "2017-06-27T02:44:50.738Z", "dashboard_url": null}}, {"model": "experiments.experiment", "pk": 171, "fields": {"status": "Complete", "project": 1, "name": "Trending stories provided by Pocket", "slug": "exp-017-pocketstories", "addon_versions": ["1.10.0", "1.9.0"], "objectives": "Display recommendations of trending stories by PocketTODO", "success_criteria": "TODO", "analysis": "TODO", "created_date": "2017-06-27T02:44:50.777Z", "start_date": "2017-05-02T00:00:00Z", "end_date": "2017-05-03T00:00:00Z", "dashboard_url": null}}, {"model": "experiments.experiment", "pk": 172, "fields": {"status": "Complete", "project": 1, "name": "Metadata with No Remote Service", "slug": "exp-018-metadata-no-service", "addon_versions": ["1.10.0", "1.10.1", "1.11.0", "1.12.0", "1.12.1"], "objectives": "Disable all calls to the metadata serviceTODO", "success_criteria": "TODO", "analysis": "TODO", "created_date": "2017-06-27T02:44:50.863Z", "start_date": "2017-05-02T00:00:00Z", "end_date": "2017-06-13T00:00:00Z", "dashboard_url": "https://sql.telemetry.mozilla.org/dashboard/activity-stream-a-b-testing-metadata-no-service"}}, {"model": "experiments.experiment", "pk": 173, "fields": {"status": "Complete", "project": 1, "name": "Metadata with local parsing and periodic refresh", "slug": "exp-019-metadata-local-refresh", "addon_versions": ["1.10.0", "1.10.1", "1.11.0", "1.12.0", "1.12.1"], "objectives": "Process metadata locally and periodically refresh itTODO", "success_criteria": "TODO", "analysis": "TODO", "created_date": "2017-06-27T02:44:50.943Z", "start_date": "2017-05-02T00:00:00Z", "end_date": "2017-06-13T00:00:00Z", "dashboard_url": "https://sql.telemetry.mozilla.org/dashboard/activity-stream-a-b-testing-metadata-local-refresh"}}, {"model": "experiments.experiment", "pk": 174, "fields": {"status": "Started", "project": 1, "name": "Two rows of Top Sites by default", "slug": "exp-20-topsites-tworows", "addon_versions": ["1.10.1", "1.11.0", "1.12.0", "1.12.1", "1.13.0"], "objectives": "Show two rows of Top Sites by defaultTODO", "success_criteria": "TODO", "analysis": "Opt-in/out\r\n* 9% opted in\r\n* 0.8% opted out\r\n\r\nPocket Recommendation clicks rates:\r\n* with 1 row of topsites: 1.01% on avg.\r\n* with 2 rows of topsites: 0.78% on avg\r\n* 0.23% loss\r\n\r\nStatistically Significant Results:\r\n* Increase in overall click rates (2.07%)\r\n* Increase in positive interaction rate (1.9%)\r\n* Increase in Missing Image Rate (1.22%)\r\n* Increase in \u201cHang Tight\u201d (0.61%)\r\n* Decrease in pocket recommendation clicks (-0.23%)\r\n** Note: only 6 days of data here since pocket by default is ~1 week old\r\n* Decrease in search rate (-0.17%)\r\n* Increase in Pin Rate (0.01%)\r\n** Note: very small number of users pinning so a small difference makes is easily significant", "created_date": "2017-06-27T02:44:51.022Z", "start_date": "2017-05-16T00:00:00Z", "end_date": null, "dashboard_url": "https://sql.telemetry.mozilla.org/dashboard/activity-stream-a-b-testing-two-rows-topsites"}}, {"model": "experiments.experiment", "pk": 175, "fields": {"status": "Complete", "project": 1, "name": "Trending stories provided by Pocket v2", "slug": "exp-021-pocketstories", "addon_versions": ["1.10.1", "1.11.0", "1.12.0", "1.12.1"], "objectives": "Display recommendations of trending stories by PocketTODO", "success_criteria": "TODO", "analysis": "This was successful!", "created_date": "2017-06-27T02:44:51.098Z", "start_date": "2017-05-03T00:00:00Z", "end_date": "2017-06-13T00:00:00Z", "dashboard_url": "https://sql.telemetry.mozilla.org/dashboard/activity-stream-a-b-testing-pocket_1"}}, {"model": "experiments.experimentvariant", "pk": 173, "fields": {"experiment": 156, "name": "Control", "slug": "control", "is_control": true, "description": "Do not show a recommendation", "threshold": "0.0000", "value": false}}, {"model": "experiments.experimentvariant", "pk": 174, "fields": {"experiment": 156, "name": "Variant", "slug": "variant", "is_control": false, "description": "Show a recommendation in the third highlights spot", "threshold": "0.3000", "value": true}}, {"model": "experiments.experimentvariant", "pk": 175, "fields": {"experiment": 157, "name": "Control", "slug": "control", "is_control": true, "description": "Use the query based system.", "threshold": "0.0000", "value": false}}, {"model": "experiments.experimentvariant", "pk": 176, "fields": {"experiment": 157, "name": "Variant", "slug": "variant", "is_control": false, "description": "Use the score based highlights.", "threshold": "0.4000", "value": true}}, {"model": "experiments.experimentvariant", "pk": 177, "fields": {"experiment": 158, "name": "Control", "slug": "control", "is_control": true, "description": "Do not compute metadata locally", "threshold": "0.0000", "value": false}}, {"model": "experiments.experimentvariant", "pk": 178, "fields": {"experiment": 158, "name": "Variant", "slug": "variant", "is_control": false, "description": "Locally compute metadata", "threshold": "0.2000", "value": true}}, {"model": "experiments.experimentvariant", "pk": 179, "fields": {"experiment": 159, "name": "Control", "slug": "control", "is_control": true, "description": "Use Embedly", "threshold": "0.0000", "value": false}}, {"model": "experiments.experimentvariant", "pk": 180, "fields": {"experiment": 159, "name": "Variant", "slug": "variant", "is_control": false, "description": "Use MetadataService", "threshold": "0.2000", "value": true}}, {"model": "experiments.experimentvariant", "pk": 181, "fields": {"experiment": 160, "name": "Control", "slug": "control", "is_control": true, "description": "Use last frecency", "threshold": "0.0000", "value": false}}, {"model": "experiments.experimentvariant", "pk": 182, "fields": {"experiment": 160, "name": "Variant", "slug": "variant", "is_control": false, "description": "Use combined frecency", "threshold": "0.2000", "value": true}}, {"model": "experiments.experimentvariant", "pk": 183, "fields": {"experiment": 161, "name": "Control", "slug": "control", "is_control": true, "description": "Use remote service for metadata", "threshold": "0.0000", "value": false}}, {"model": "experiments.experimentvariant", "pk": 184, "fields": {"experiment": 161, "name": "Variant", "slug": "variant", "is_control": false, "description": "Fetch page content locally", "threshold": "0.1000", "value": true}}, {"model": "experiments.experimentvariant", "pk": 185, "fields": {"experiment": 162, "name": "Control", "slug": "control", "is_control": true, "description": "Use sites from tiles", "threshold": "0.0000", "value": false}}, {"model": "experiments.experimentvariant", "pk": 186, "fields": {"experiment": 162, "name": "Variant", "slug": "variant", "is_control": false, "description": "Use sites from activity stream", "threshold": "0.2000", "value": true}}, {"model": "experiments.experimentvariant", "pk": 187, "fields": {"experiment": 163, "name": "Control", "slug": "control", "is_control": true, "description": "Don't show screenshots", "threshold": "0.0000", "value": false}}, {"model": "experiments.experimentvariant", "pk": 188, "fields": {"experiment": 163, "name": "Variant", "slug": "variant", "is_control": false, "description": "Show screenshots", "threshold": "0.3000", "value": true}}, {"model": "experiments.experimentvariant", "pk": 189, "fields": {"experiment": 164, "name": "Control", "slug": "control", "is_control": true, "description": "Use remote service for metadata", "threshold": "0.0000", "value": false}}, {"model": "experiments.experimentvariant", "pk": 190, "fields": {"experiment": 164, "name": "Variant", "slug": "variant", "is_control": false, "description": "Fetch page content locally", "threshold": "0.2000", "value": true}}, {"model": "experiments.experimentvariant", "pk": 191, "fields": {"experiment": 165, "name": "Control", "slug": "control", "is_control": true, "description": "New Tab Prefs is disabled", "threshold": "0.0000", "value": false}}, {"model": "experiments.experimentvariant", "pk": 192, "fields": {"experiment": 165, "name": "Variant", "slug": "variant", "is_control": false, "description": "New Tab Prefs is enabled", "threshold": "0.2000", "value": true}}, {"model": "experiments.experimentvariant", "pk": 193, "fields": {"experiment": 166, "name": "Control", "slug": "control", "is_control": true, "description": "Don't show screenshots", "threshold": "0.0000", "value": false}}, {"model": "experiments.experimentvariant", "pk": 194, "fields": {"experiment": 166, "name": "Variant", "slug": "variant", "is_control": false, "description": "Show screenshots", "threshold": "0.3000", "value": true}}, {"model": "experiments.experimentvariant", "pk": 195, "fields": {"experiment": 167, "name": "Control", "slug": "control", "is_control": true, "description": "Don't show screenshots in Highlights", "threshold": "0.0000", "value": false}}, {"model": "experiments.experimentvariant", "pk": 196, "fields": {"experiment": 167, "name": "Variant", "slug": "variant", "is_control": false, "description": "Show screenshots in Highlights", "threshold": "0.2000", "value": true}}, {"model": "experiments.experimentvariant", "pk": 197, "fields": {"experiment": 168, "name": "Control", "slug": "control", "is_control": true, "description": "Don't show screenshots", "threshold": "0.0000", "value": false}}, {"model": "experiments.experimentvariant", "pk": 198, "fields": {"experiment": 168, "name": "Variant", "slug": "variant", "is_control": false, "description": "Show screenshots", "threshold": "0.2000", "value": true}}, {"model": "experiments.experimentvariant", "pk": 199, "fields": {"experiment": 169, "name": "Control", "slug": "control", "is_control": true, "description": "Short metadata timeout", "threshold": "0.0000", "value": false}}, {"model": "experiments.experimentvariant", "pk": 200, "fields": {"experiment": 169, "name": "Variant", "slug": "variant", "is_control": false, "description": "Long metadata timeout", "threshold": "0.2000", "value": true}}, {"model": "experiments.experimentvariant", "pk": 201, "fields": {"experiment": 170, "name": "Control", "slug": "control", "is_control": true, "description": "Edit Top Sites is disabled", "threshold": "0.0000", "value": false}}, {"model": "experiments.experimentvariant", "pk": 202, "fields": {"experiment": 170, "name": "Variant", "slug": "variant", "is_control": false, "description": "Edit Top Sites is enabled", "threshold": "0.2000", "value": true}}, {"model": "experiments.experimentvariant", "pk": 203, "fields": {"experiment": 171, "name": "Control", "slug": "control", "is_control": true, "description": "Pocket trending stories active", "threshold": "0.0000", "value": false}}, {"model": "experiments.experimentvariant", "pk": 204, "fields": {"experiment": 171, "name": "Variant", "slug": "variant", "is_control": false, "description": "Show pocket trending stories", "threshold": "0.2000", "value": true}}, {"model": "experiments.experimentvariant", "pk": 205, "fields": {"experiment": 172, "name": "Control", "slug": "control", "is_control": true, "description": "We still make calls to the metadata service", "threshold": "0.0000", "value": false}}, {"model": "experiments.experimentvariant", "pk": 206, "fields": {"experiment": 172, "name": "Variant", "slug": "variant", "is_control": false, "description": "Make no calls to the metadata service", "threshold": "0.2000", "value": true}}, {"model": "experiments.experimentvariant", "pk": 207, "fields": {"experiment": 173, "name": "Control", "slug": "control", "is_control": true, "description": "Metadata is processed locally at browse time only", "threshold": "0.0000", "value": false}}, {"model": "experiments.experimentvariant", "pk": 208, "fields": {"experiment": 173, "name": "Variant", "slug": "variant", "is_control": false, "description": "Metadata is processed locally at browse time and periodically in a background task", "threshold": "0.2000", "value": true}}, {"model": "experiments.experimentvariant", "pk": 209, "fields": {"experiment": 174, "name": "Control", "slug": "control", "is_control": true, "description": "Show one row of Top Sites by default", "threshold": "0.0000", "value": false}}, {"model": "experiments.experimentvariant", "pk": 210, "fields": {"experiment": 174, "name": "Variant", "slug": "variant", "is_control": false, "description": "Show two rows of Top Sites by default", "threshold": "0.2000", "value": true}}, {"model": "experiments.experimentvariant", "pk": 211, "fields": {"experiment": 175, "name": "Control", "slug": "control", "is_control": true, "description": "Pocket trending stories active", "threshold": "0.0000", "value": false}}, {"model": "experiments.experimentvariant", "pk": 212, "fields": {"experiment": 175, "name": "Variant", "slug": "variant", "is_control": false, "description": "Show pocket trending stories", "threshold": "0.2000", "value": true}}, {"model": "projects.project", "pk": 1, "fields": {"name": "Activity Stream", "slug": "activity-stream"}}, {"model": "auth.permission", "pk": 1, "fields": {"name": "Can add log entry", "content_type": 1, "codename": "add_logentry"}}, {"model": "auth.permission", "pk": 2, "fields": {"name": "Can change log entry", "content_type": 1, "codename": "change_logentry"}}, {"model": "auth.permission", "pk": 3, "fields": {"name": "Can delete log entry", "content_type": 1, "codename": "delete_logentry"}}, {"model": "auth.permission", "pk": 4, "fields": {"name": "Can add permission", "content_type": 2, "codename": "add_permission"}}, {"model": "auth.permission", "pk": 5, "fields": {"name": "Can change permission", "content_type": 2, "codename": "change_permission"}}, {"model": "auth.permission", "pk": 6, "fields": {"name": "Can delete permission", "content_type": 2, "codename": "delete_permission"}}, {"model": "auth.permission", "pk": 7, "fields": {"name": "Can add group", "content_type": 3, "codename": "add_group"}}, {"model": "auth.permission", "pk": 8, "fields": {"name": "Can change group", "content_type": 3, "codename": "change_group"}}, {"model": "auth.permission", "pk": 9, "fields": {"name": "Can delete group", "content_type": 3, "codename": "delete_group"}}, {"model": "auth.permission", "pk": 10, "fields": {"name": "Can add user", "content_type": 4, "codename": "add_user"}}, {"model": "auth.permission", "pk": 11, "fields": {"name": "Can change user", "content_type": 4, "codename": "change_user"}}, {"model": "auth.permission", "pk": 12, "fields": {"name": "Can delete user", "content_type": 4, "codename": "delete_user"}}, {"model": "auth.permission", "pk": 13, "fields": {"name": "Can add content type", "content_type": 5, "codename": "add_contenttype"}}, {"model": "auth.permission", "pk": 14, "fields": {"name": "Can change content type", "content_type": 5, "codename": "change_contenttype"}}, {"model": "auth.permission", "pk": 15, "fields": {"name": "Can delete content type", "content_type": 5, "codename": "delete_contenttype"}}, {"model": "auth.permission", "pk": 16, "fields": {"name": "Can add session", "content_type": 6, "codename": "add_session"}}, {"model": "auth.permission", "pk": 17, "fields": {"name": "Can change session", "content_type": 6, "codename": "change_session"}}, {"model": "auth.permission", "pk": 18, "fields": {"name": "Can delete session", "content_type": 6, "codename": "delete_session"}}, {"model": "auth.permission", "pk": 19, "fields": {"name": "Can add Experiment", "content_type": 7, "codename": "add_experiment"}}, {"model": "auth.permission", "pk": 20, "fields": {"name": "Can change Experiment", "content_type": 7, "codename": "change_experiment"}}, {"model": "auth.permission", "pk": 21, "fields": {"name": "Can delete Experiment", "content_type": 7, "codename": "delete_experiment"}}, {"model": "auth.permission", "pk": 22, "fields": {"name": "Can add Experiment Variant", "content_type": 8, "codename": "add_experimentvariant"}}, {"model": "auth.permission", "pk": 23, "fields": {"name": "Can change Experiment Variant", "content_type": 8, "codename": "change_experimentvariant"}}, {"model": "auth.permission", "pk": 24, "fields": {"name": "Can delete Experiment Variant", "content_type": 8, "codename": "delete_experimentvariant"}}, {"model": "auth.permission", "pk": 25, "fields": {"name": "Can add Project", "content_type": 9, "codename": "add_project"}}, {"model": "auth.permission", "pk": 26, "fields": {"name": "Can change Project", "content_type": 9, "codename": "change_project"}}, {"model": "auth.permission", "pk": 27, "fields": {"name": "Can delete Project", "content_type": 9, "codename": "delete_project"}}, {"model": "auth.group", "pk": 1, "fields": {"name": "Experimenters", "permissions": [19, 20, 21, 22, 23, 24, 25, 26, 27]}}, {"model": "auth.user", "pk": 1, "fields": {"password": "", "last_login": null, "is_superuser": false, "username": "anonymous@example.com", "first_name": "", "last_name": "", "email": "anonymous@example.com", "is_staff": true, "is_active": true, "date_joined": "2017-06-20T21:29:47.959Z", "groups": [1], "user_permissions": []}}, {"model": "auth.user", "pk": 34, "fields": {"password": "", "last_login": null, "is_superuser": true, "username": "jkerim@mozilla.com", "first_name": "", "last_name": "", "email": "jkerim@mozilla.com", "is_staff": true, "is_active": true, "date_joined": "2017-06-21T19:31:42.698Z", "groups": [1], "user_permissions": []}}, {"model": "auth.user", "pk": 35, "fields": {"password": "", "last_login": null, "is_superuser": false, "username": "tspurway@mozilla.com", "first_name": "", "last_name": "", "email": "tspurway@mozilla.com", "is_staff": true, "is_active": true, "date_joined": "2017-06-21T19:37:40.462Z", "groups": [1], "user_permissions": []}}, {"model": "auth.user", "pk": 36, "fields": {"password": "", "last_login": null, "is_superuser": false, "username": "msamuel@mozilla.com", "first_name": "", "last_name": "", "email": "msamuel@mozilla.com", "is_staff": true, "is_active": true, "date_joined": "2017-06-21T21:42:11.111Z", "groups": [1], "user_permissions": []}}, {"model": "auth.user", "pk": 37, "fields": {"password": "", "last_login": null, "is_superuser": false, "username": "dmosedale@mozilla.com", "first_name": "", "last_name": "", "email": "dmosedale@mozilla.com", "is_staff": true, "is_active": true, "date_joined": "2017-06-23T17:03:28.444Z", "groups": [1], "user_permissions": []}}, {"model": "auth.user", "pk": 38, "fields": {"password": "", "last_login": null, "is_superuser": false, "username": "usarracini@mozilla.com", "first_name": "", "last_name": "", "email": "usarracini@mozilla.com", "is_staff": true, "is_active": true, "date_joined": "2017-06-27T19:59:23.680Z", "groups": [1], "user_permissions": []}}, {"model": "admin.logentry", "pk": 1, "fields": {"action_time": "2017-06-21T14:58:25.337Z", "user": 1, "content_type": 9, "object_id": "1", "object_repr": "Activity Stream", "action_flag": 1, "change_message": "[{\"added\": {}}]"}}, {"model": "admin.logentry", "pk": 2, "fields": {"action_time": "2017-06-21T19:40:17.820Z", "user": 35, "content_type": 9, "object_id": "2", "object_repr": "Test PRoject", "action_flag": 1, "change_message": "[{\"added\": {}}]"}}, {"model": "admin.logentry", "pk": 3, "fields": {"action_time": "2017-06-21T20:05:53.202Z", "user": 34, "content_type": 9, "object_id": "2", "object_repr": "Test PRoject", "action_flag": 3, "change_message": ""}}, {"model": "admin.logentry", "pk": 4, "fields": {"action_time": "2017-06-22T21:06:08.285Z", "user": 34, "content_type": 7, "object_id": "1", "object_repr": "Recommended Highlights", "action_flag": 1, "change_message": "[{\"added\": {}}, {\"added\": {\"name\": \"Experiment Variant\", \"object\": \"No Recommendation\"}}, {\"added\": {\"name\": \"Experiment Variant\", \"object\": \"Show Recommendation\"}}]"}}, {"model": "admin.logentry", "pk": 5, "fields": {"action_time": "2017-06-22T21:06:14.749Z", "user": 34, "content_type": 7, "object_id": "1", "object_repr": "Recommended Highlights", "action_flag": 2, "change_message": "[{\"changed\": {\"fields\": [\"status\"]}}]"}}, {"model": "admin.logentry", "pk": 6, "fields": {"action_time": "2017-06-22T21:06:20.678Z", "user": 34, "content_type": 7, "object_id": "1", "object_repr": "Recommended Highlights", "action_flag": 2, "change_message": "[{\"changed\": {\"fields\": [\"status\"]}}]"}}, {"model": "admin.logentry", "pk": 7, "fields": {"action_time": "2017-06-22T21:13:07.609Z", "user": 34, "content_type": 7, "object_id": "1", "object_repr": "Recommended Highlights", "action_flag": 2, "change_message": "[{\"changed\": {\"fields\": [\"success_criteria\", \"analysis\"]}}]"}}, {"model": "admin.logentry", "pk": 8, "fields": {"action_time": "2017-06-22T21:48:39.741Z", "user": 34, "content_type": 7, "object_id": "2", "object_repr": "Weighted Highlights", "action_flag": 1, "change_message": "[{\"added\": {}}, {\"added\": {\"name\": \"Experiment Variant\", \"object\": \"Query Higlights\"}}, {\"added\": {\"name\": \"Experiment Variant\", \"object\": \"Weighted Highlights\"}}]"}}, {"model": "admin.logentry", "pk": 9, "fields": {"action_time": "2017-06-22T21:48:47.441Z", "user": 34, "content_type": 7, "object_id": "2", "object_repr": "Weighted Highlights", "action_flag": 2, "change_message": "[{\"changed\": {\"fields\": [\"status\"]}}]"}}, {"model": "admin.logentry", "pk": 10, "fields": {"action_time": "2017-06-22T21:48:51.925Z", "user": 34, "content_type": 7, "object_id": "2", "object_repr": "Weighted Highlights", "action_flag": 2, "change_message": "[{\"changed\": {\"fields\": [\"status\"]}}]"}}, {"model": "admin.logentry", "pk": 11, "fields": {"action_time": "2017-06-22T22:00:47.667Z", "user": 34, "content_type": 7, "object_id": "3", "object_repr": "Local Metadata", "action_flag": 1, "change_message": "[{\"added\": {}}, {\"added\": {\"name\": \"Experiment Variant\", \"object\": \"No Local Metadata\"}}, {\"added\": {\"name\": \"Experiment Variant\", \"object\": \"Local Metadata\"}}]"}}, {"model": "admin.logentry", "pk": 12, "fields": {"action_time": "2017-06-22T22:00:57.575Z", "user": 34, "content_type": 7, "object_id": "3", "object_repr": "Local Metadata", "action_flag": 2, "change_message": "[{\"changed\": {\"fields\": [\"status\"]}}]"}}, {"model": "admin.logentry", "pk": 13, "fields": {"action_time": "2017-06-22T22:01:02.799Z", "user": 34, "content_type": 7, "object_id": "3", "object_repr": "Local Metadata", "action_flag": 2, "change_message": "[{\"changed\": {\"fields\": [\"status\"]}}]"}}, {"model": "admin.logentry", "pk": 14, "fields": {"action_time": "2017-06-26T21:13:34.714Z", "user": 34, "content_type": 7, "object_id": "4", "object_repr": "Metadata Service", "action_flag": 1, "change_message": "[{\"added\": {}}, {\"added\": {\"name\": \"Experiment Variant\", \"object\": \"Embedly\"}}, {\"added\": {\"name\": \"Experiment Variant\", \"object\": \"Metadata Service\"}}]"}}, {"model": "admin.logentry", "pk": 15, "fields": {"action_time": "2017-06-26T21:13:44.172Z", "user": 34, "content_type": 7, "object_id": "4", "object_repr": "Metadata Service", "action_flag": 2, "change_message": "[{\"changed\": {\"fields\": [\"status\"]}}]"}}, {"model": "admin.logentry", "pk": 16, "fields": {"action_time": "2017-06-26T21:13:49.157Z", "user": 34, "content_type": 7, "object_id": "4", "object_repr": "Metadata Service", "action_flag": 2, "change_message": "[{\"changed\": {\"fields\": [\"status\"]}}]"}}, {"model": "admin.logentry", "pk": 17, "fields": {"action_time": "2017-06-27T20:24:26.267Z", "user": 36, "content_type": 7, "object_id": "174", "object_repr": "Two rows of Top Sites by default", "action_flag": 2, "change_message": "[{\"changed\": {\"fields\": [\"analysis\"]}}]"}}, {"model": "admin.logentry", "pk": 18, "fields": {"action_time": "2017-06-28T02:13:17.292Z", "user": 34, "content_type": 7, "object_id": "175", "object_repr": "Trending stories provided by Pocket v2", "action_flag": 2, "change_message": "[{\"changed\": {\"fields\": [\"analysis\"]}}]"}}]